<!--
	krpano - animated hotspots example
	- png image-strips / sprite-sheets
	- animation by xml script
-->

<krpano>

	<!-- pano -->
	<preview url="preview.jpg" />

	<!-- view settings -->
	<view hlookat="0" vlookat="0" fovtype="MFOV" fov="90" fovmin="20" fovmax="120" />


	<!--
		do_crop_animation(framewidth, frameheight, framerate)
		- animation by changing the image cropping
		- parameters:
		  - framewidth (%1) - the width from one frame in pixels
		  - frameheight (%2) - the height from one frame in pixels
		  - framerate (%3) - the animation frame rate in 'frames per second'
		- the image can be a vertical or horizontal (or both) image-strip / sprite-sheet
		- the action will loop automatically through all frames from left to right and top to bottom
	-->
	<action name="do_crop_animation">
		<!-- add attributes to the hotspot -->
		registerattribute(xframes, calc((imagewidth / %1) BOR 0));
		registerattribute(yframes, calc((imageheight / %2) BOR 0));
		registerattribute(frames, calc(xframes * yframes));
		registerattribute(frame, 0);

		set(crop, '0|0|%1|%2');

		setinterval(calc('crop_anim_' + name), calc(1.0 / %3),
			if(loaded,
				inc(frame);
				if(frame GE frames, if(onlastframe !== null, onlastframe() ); set(frame,0); );
				mod(xpos, frame, xframes);
				div(ypos, frame, xframes);
				Math.floor(ypos);
				mul(xpos, %1);
				mul(ypos, %2);
				calc(crop, xpos + '|' + ypos + '|%1|%2');
			  ,
				clearinterval(calc('crop_anim_' + name));
			  );
		  );
	</action>


	<!-- example hotspots -->
	<hotspot name="spot1" url="animatedhotspot_white.png" onloaded="do_crop_animation(64,64, 60);"   ath="-15" atv="-12" onclick="looktohotspot(get(name),65)" />
	<hotspot name="spot2" url="animatedhotspot_black.png" onloaded="do_crop_animation(64,64, 60);"   ath="+15" atv="+12" onclick="looktohotspot(get(name),65)" />
	<hotspot name="spot3" url="explosion.png"             onloaded="do_crop_animation(100,100, 60)"  ath="calc:random*90- 45" atv="calc:random*60 - 30" zoom="true" enabled="false" onlastframe="calc(ath, random*90-45);calc(atv, random*60-30);" />
	<hotspot name="spot4" url="circle.png"                onloaded="do_crop_animation(102,102, 60)"  ath="0" atv="0" enabled="false" />
	<hotspot name="spot5" url="target.png"                onloaded="do_crop_animation(128,128, 60);" ath="+15" atv="-12" onclick="looktohotspot(get(name),65)" scale="0.40" zoom="true" />
	<hotspot name="spot6" url="waves.png"                 onloaded="do_crop_animation(128,128, 15);" ath="0"   atv="-12" onclick="looktohotspot(get(name),65)" scale="0.25" zoom="true" />
	<hotspot name="spot7" url="arrow.png"                 onloaded="do_crop_animation(64,64, 60);"   ath="-15" atv="+12" onclick="looktohotspot(get(name),65)" />

</krpano>
