<krpano>

	<!-- include the corfu tour -->
	<include url="../demotour-corfu/tour.xml" />
	
	<!-- include optionally different skin -->
	<include url="../demotour-corfu/skin/vtourskin_design_flat_light.xml"  if="design == 'flat_light'"  />
	<include url="../demotour-corfu/skin/vtourskin_design_glass.xml"       if="design == 'glass'"       />
	<include url="../demotour-corfu/skin/vtourskin_design_ultra_light.xml" if="design == 'ultra_light'" />
	<include url="../demotour-corfu/skin/vtourskin_design_117.xml"         if="design == '117'"         />
	<include url="../demotour-corfu/skin/vtourskin_design_117round.xml"    if="design == '117_round'"   />
	<include url="../demotour-corfu/skin/vtourskin_design_black.xml"       if="design == 'black'"       />

	<!-- no loading text, keep thumbs opened state -->
	<skin_settings loadingtext="" thumbs_opened="calc:skin_thumbs_last_state === 'opened' ? true : false" />

	<layer name="skin_selector" keep="true" type="container" align="lefttop" x="10" y="10" width="100" height="300">
		<layer name="skin1" style="webvr_button_style" html="Flat Skin (Default)"     align="lefttop" y="0"   onclick="change_skin_design('default');"     />
		<layer name="skin2" style="webvr_button_style" html="Flat Light Skin"         align="lefttop" y="50"  onclick="change_skin_design('flat_light');"  />
		<layer name="skin4" style="webvr_button_style" html="Ultra Light Skin"        align="lefttop" y="100" onclick="change_skin_design('ultra_light');" />
		<layer name="skin3" style="webvr_button_style" html="Glass Skin"              align="lefttop" y="150" onclick="change_skin_design('glass');"       />
		<layer name="skin5" style="webvr_button_style" html="Version 1.17 Skin"       align="lefttop" y="200" onclick="change_skin_design('117');"         />
		<layer name="skin6" style="webvr_button_style" html="Version 1.17 Round Skin" align="lefttop" y="250" onclick="change_skin_design('117_round');"   />
		<layer name="skin7" style="webvr_button_style" html="Black Skin"              align="lefttop" y="300" onclick="change_skin_design('black');"       />
	</layer>
	
	<action name="change_skin_design">
		set(design, %1);
		copy(skin_thumbs_last_state, layer[skin_thumbs].state);
		loadpanoscene('%CURRENTXML%/skinselect.xml', get(xml.scene), null, IGNOREKEEP|KEEPVIEW|KEEPMOVING, BLEND(0.5));
	</action>

</krpano>
